car_park_no,address,x_coord,y_coord,night_parking
A0004,ALIWAL STREET ,31063.017,31665.0933,YES
A0005,ALLENBY ROAD ,30873.0177,32533.6617,YES
A0006,AMOY STREET ,29548.345,29292.548,YES
A0007,ANGULLIA PARK OFF STREET,27582.895,31962.0601,YES
A0008,ANN SIANG ROAD ,29394.9904,29258.879,YES
A0010,ARAB STREET ,30770.0173,31622.8216,YES
A0011,ARMENIAN STREET OFF STREET,29730.2995,30701.2921,YES
A0017,ARAB STREET / QUEEN STREET OFF STREET,30638.3394,31698.2199,YES
A0021,AMOY STREET OFF STREET ,29542.3676,29248.8218,YES
A0024,ADAM ROAD FOOD CENTRE OFF STREET,25838.8021,34044.9773,YES
A0025,ADAM ROAD / DUNEARN CLOSE OFF STREET,25863.4915,34079.5138,YES
A0028,ALJUNIED ROAD (MINOR) ,33156.0403,34185.9516,YES
A0034,ANAMALAI AVENUE ,23702.1769,34763.1123,YES
A0035,ANTHONY ROAD OFF STREET,28397.8012,32511.4312,YES
A0036,ANG MO KIO STREET 62 ,29316.1028,40988.2535,YES
A0037,ANG MO KIO STREET 64 ,29771.1219,41071.0365,YES
A0043,AYER RAJAH CRESCENT ,23054.9879,30643.1983,YES
A0046,ALJUNIED ROAD OFF STREET,33394.2043,32909.1642,YES
A0048,ANG MO KIO STREET 63 ,29661.3865,40850.2452,YES
A0054,ANCHORVALE STREET ,33882.9035,42162.508,YES
A0057,AROOZOO AVENUE ,33699.8791,37452.5108,YES
B0001,BUKIT TIMAH ROAD ,25331.1094,34088.1902,YES
B0002,BAGHDAD STREET ,30966.0812,31522.0261,YES
B0005,BANDA STREET / SAGO LANE OFF STREET,29177.6102,29300.2673,YES
B0008,BEATTY ROAD ,30807.6229,32914.1039,YES
B0011,BIRCH ROAD ,30293.329,32587.3226,YES
B0018,BUKIT PASOH ROAD ,28826.431,29044.9458,YES
B0020,BUSSORAH STREET ,30974.3926,31478.2683,YES
B0022,BEATTY LANE ,30994.5678,32711.1398,YES
B0023,BENG WAN ROAD OFF STREET,31590.1042,33984.3865,YES
B0025,BALI LANE ,30792.3841,31500.7499,YES
B0028,BALESTIER ROAD ,30212.0634,33765.4334,YES
B0029,BHAMO ROAD ,29816.1477,34101.8351,YES
B0031,BEATTY ROAD OFF STREET,30925.4708,32933.2541,YES
B0032,BUKIT TIMAH MARKET OFF STREET,21665.164,35695.2402,YES
B0033,BOON TECK ROAD ,29803.4139,34271.7315,YES
B0035,BELILIOS LANE OFF STREET,30044.9978,32194.9424,YES
B0042,BENOI SECTOR ,11422.2058,33540.1602,YES
B0045,BLAIR ROAD ,28318.7963,28736.9604,YES
B0052,BANDA STREET ,29144.8796,29292.464,YES
B0062,BUFFALO ROAD SERVICE ROAD,29925.9043,32165.4233,YES
B0063,BUKIT BATOK NATURE PARK OFF STREET,20005.2768,36613.7528,YES
B0067,BURN ROAD ,33816.3298,35275.5294,YES
B0073,BOON TAT STREET ,29643.9987,29316.4055,YES
B0084,BEACH ROAD ,31024.429,31452.6125,YES
B0087,BAGHDAD STREET OFF STREET,31011.1577,31517.0537,YES
B0088,BEDOK ROAD FOOD CENTRE OFF STREET,41565.8225,33682.3249,YES
B0090,BENOI ROAD ,10873.7719,31633.5083,YES
B0096,BUKIT TIMAH LINK OFF STREET,21717.7944,35943.5488,YES
B0099,BENDEMEER ROAD HEAVY VEHICLE PARK,31085.5229,32945.4722,YES
B0100,BRIGHTON CRESCENT ,32206.689,38328.8204,YES
C0004,CARPENTER STREET ,29613.4454,30059.4514,YES
C0009,CHANDER ROAD ,29990.3593,32252.5495,YES
C0011,CHEONG CHIN NAM ROAD ,21527.2337,36199.4721,YES
C0018,CIRCULAR ROAD ,29760.0137,29871.9436,YES
C0022,CLUB STREET ,29385.8207,29373.6107,YES
C0028,CUFF ROAD ,30191.9605,32143.9604,YES
C0036,CLAYMORE ROAD ,27667.6272,32217.3029,YES
C0038,CLAYMORE HILL ,27834.4449,32299.3104,YES
C0039,CORONATION WALK ,25313.8048,33963.7304,YES
C0041,CHIN BEE ROAD ,14550.6026,34799.402,YES
C0045,CHIN BEE DRIVE ,14730.4121,35365.1993,YES
C0053,CAIRNHILL ROAD SERVICE ROAD,28424.1111,32268.9728,YES
C0057,CASUARINA ROAD ,27406.0252,39879.5589,YES
C0058,CLEMENCEAU AVENUE ,29171.4486,31120.996,YES
C0063,CHENG YAN PLACE ,30363.7074,31373.7871,YES
C0097,CAMPBELL LANE ,30147.2092,31948.6197,YES
C0098,CLIVE STREET ,30138.2968,31996.6172,YES
C0104,CAVAN ROAD ,31145.392,32584.4432,YES
C0110,COOK STREET ,29224.068,29028.6891,YES
C0113,CHANGI ROAD (BET JALAN KEMBANGAN/STILL ROAD),36546.2105,33431.5619,YES
C0114,CHANGI ROAD SERVICE ROAD,36237.0808,33352.8565,YES
C0118,CEYLON ROAD ,35742.7038,31971.6647,YES
C0119,CEYLON ROAD OFF STREET ,35357.921,32462.723,YES
C0120,CHIA PING ROAD ,15178.9962,34544.3036,YES
C0122,CHANGI VILLAGE ROAD ,45128.5034,41200.5341,YES
C0126,CHANGI SOUTH AVENUE 2 ,43200.1699,34923.2902,YES
C0128,CHANGI SOUTH AVENUE 4 ,43284.9106,35258.181,YES
C0129,CHANGI SOUTH STREET 1 ,43067.3073,35115.18,YES
C0130,CHANGI SOUTH STREET 2 ,42425.1009,34825.7223,YES
C0132,CHANGI ROAD (BET JOO CHIAT ROAD/STILL ROAD),35697.8004,33266.4821,YES
C0133,CARPENTER STREET OFF STREET,29654.2722,30075.4066,YES
C0134,CIRCUIT ROAD ,33759.5761,34154.1107,YES
C0135,CRANE ROAD ,35369.821,32799.4849,YES
C0136,CEYLON LANE ,35494.2679,32617.6621,YES
C0142,CHANG CHARN ROAD ,25558.5598,30157.2359,YES
C0147,CHANGI ROAD / JALAN WAKAFF OFF STREET,36617.2082,33429.6744,YES
C0148,CLEMENCEAU AVENUE NORTH (NEWTON FC),28716.2498,32600.2734,YES
C0151,CHANGI BEACH PARK CP 1 ,45379.5798,41500.62,YES
C0152,CHANGI BEACH PARK CP 2 ,45592.798,41452.6371,YES
C0153,CHANGI BEACH PARK CP 3 ,45690.9143,41399.3645,YES
C0154,CHANGI BEACH PARK CP 4 ,45901.5976,41336.5663,YES
C0155,CHANGI BEACH PARK CP 5 ,46069.6326,41317.5754,YES
C0156,CHANGI BEACH PARK CP 6 ,46664.9757,40701.5632,YES
C0157,CHANGI NORTH CRESCENT ,42880.1598,36866.0728,YES
C0158,CHANGI NORTH RISE ,43196.783,36720.1064,YES
C0159,CHANGI NORTH STREET 1 ,43222.7033,36867.2879,YES
C0160,CHANGI NORTH STREET 2 ,42822.808,37018.089,YES
C0161,CHANGI SOUTH LANE ,41256.8877,34928.3982,YES
C0162,CLEMENCEAU AVENUE OFF STREET,29246.2593,30706.5089,YES
D0001,DEVONSHIRE ROAD ,28499.9152,31187.865,YES
D0002,DUBLIN ROAD ,28713.8073,31195.3602,YES
D0004,DICKSON ROAD ,30278.5138,31984.373,YES
D0005,DUNLOP STREET ,30227.5884,31945.7722,YES
D0006,DUXTON HILL OFF STREET ,29085.9986,29064.2635,YES
D0009,DESKER ROAD ,30467.2878,32349.4972,YES
D0010,DUXTON ROAD ,29118.8147,29019.5699,YES
D0012,DALHOUSIE LANE ,30105.5963,31915.2647,YES
D0017,DUNEARN CLOSE ,25952.3748,34139.3254,YES
D0026,DICKSON ROAD OFF STREET,30253.4988,32024.8859,YES
D0027,DUNMAN ROAD FOOD CENTRE OFF STREET,35610.9665,32423.5369,YES
D0028,DELTA CIRCUS FRINGE CAR PARK,27035.7463,30190.3283,YES
E0009,EMERALD HILL ROAD ,28650.5333,31652.3791,YES
E0011,EMERALD LINK ,28571.3662,31604.7616,YES
E0017,EAST COAST ROAD (HAIG ROAD/TELOK KURAU ROAD),35711.4982,31747.4041,YES
E0022,EVERTON ROAD ,28491.4301,28783.8302,YES
E0023,EAST COAST PARK E3 OFF STREET,39454.6771,32329.4854,YES
E0024,EAST COAST PARK E2 OFF STREET,39407.6997,32185.7007,YES
E0027,EAST COAST PARK E1 OFF STREET,38758.963,32135.3705,YES
E0031,EAN KIAM PLACE ,35636.9568,31916.5917,YES
E0033,EAST COAST ROAD (BET FRANKEL AVE/SIGLAP RD),37934.0393,32702.0826,YES
E0034,EVERITT ROAD NORTH ,35589.1649,33141.653,YES
E0035,EVERITT ROAD ,35600.0847,32951.5746,YES
E0037,EAST COAST ROAD (BET SIGLAP RD/JALAN JAMAL),38163.5326,32726.474,YES
F0001,FORT CANNING PARK A OFF STREET,29579.5157,30978.9806,YES
F0002,FOCH ROAD ,30988.5551,32757.0583,YES
F0006,FLANDERS SQUARE ,30683.4458,32717.2688,YES
F0021,FIRST LOK YANG ROAD ,12436.4262,34235.8567,YES
F0022,FORT CANNING PARK B OFF STREET,29473.4852,30972.1404,YES
F0025,FOURTH LOK YANG ROAD ,11823.3262,34264.1706,YES
F0026,FIFTH LOK YANG ROAD ,11617.9446,34243.0566,YES
F0027,FORT CANNING PARK C OFF STREET,29301.067,30993.0826,YES
F0029,FORT ROAD/EAST COAST PARK HV PARK,33681.9672,30824.9458,YES
F0030,FARLEIGH AVENUE ,31567.2343,38527.6661,YES
F0031,FARLEIGH AVENUE OFF STREET,31601.9657,38469.0277,YES
G0002,GEYLANG ROAD ,32507.2846,32591.0322,YES
G0018,GENTING LANE ,32920.4847,34184.1198,YES
G0021,GENTING ROAD ,32641.6679,34507.4067,YES
G0022,GENTING LINK ,32561.6513,34538.4491,YES
G0026,GUL CIRCLE ,10559.0099,33426.4881,YES
G0027,GUL AVENUE ,9821.2515,33025.2022,YES
G0028,GUL DRIVE ,9748.2877,33270.9497,YES
G0029,GUL LANE ,9024.2293,32821.8658,YES
G0030,GUL CRESCENT ,9034.0496,32503.6956,YES
G0032,GUL STREET 1 ,9688.8619,33318.2602,YES
G0033,GUL STREET 2 ,9631.0784,33412.368,YES
G0034,GUL STREET 3 ,9474.2806,33384.407,YES
G0035,GUL STREET 4 ,9301.1663,33373.7954,YES
G0036,GUL STREET 5 ,9090.2304,33258.2532,YES
G0037,GENTING LANE OFF STREET,32966.2229,34150.5457,YES
G0038,GUL ROAD ,9966.152,30828.897,YES
G0039,GUILLEMARD ROAD ,34701.5578,32940.9207,YES
G0040,GEMMILL LANE ,29536.7219,29430.1923,YES
G0043,GOODLINK PARK / JALAN MATA AYER OFF STREET,27164.3712,45292.1784,YES
H0003,HAMILTON ROAD OFF STREET,31163.6379,32665.515,YES
H0004,HOLLAND DR/NORTH BOUNA VISTA RD OFF STREET,23475.1478,32692.9625,YES
H0006,HINDOO ROAD ,30313.8799,32299.8907,YES
H0007,HULLET ROAD ,28526.5147,31754.3454,YES
H0011,HOLLAND DRIVE OFF STREET,23536.0411,32555.5182,YES
H0012,HONG KONG STREET ,29566.2705,29992.1345,YES
H0015,HINDOO ROAD OFF STREET ,30308.9887,32322.7756,YES
H0021,HILLVIEW TERRACE ,19615.579,37194.5048,YES
H0022,HULLET ROAD OFF STREET ,28637.0785,31726.799,YES
H0024,HONG LIM PARK OFF STREET,29559.0015,29869.2184,YES
H0028,HAMILTON ROAD ,31086.4976,32635.9231,YES
H0037,HORNE ROAD ,31156.6722,32415.5396,YES
H0049,HARVEY ROAD ,33694.1267,35065.0569,YES
H0050,HOWARD ROAD ,33821.3672,35126.2837,YES
H0052,HARRISON ROAD ,33726.9865,35292.3854,YES
H0055,HAVELOCK ROAD ,27945.6334,30216.2337,YES
H0057,HINDOO ROAD/KAMPONG KAPOR ROAD OFF STREET,30357.0756,32253.0344,YES
H0061,HAPPY AVENUE NORTH ,33259.268,34796.8708,YES
I0005,IRVING ROAD ,34012.9401,35305.9333,YES
I0006,IRVING PLACE ,33932.0989,35359.9468,YES
J0001,JALAN BERSEH ,30673.7727,32186.9171,YES
J0003,JALAN BESAR ,30886.453,32651.9936,YES
J0006,JALAN KLAPA ,30959.352,31832.6983,YES
J0008,JALAN KLEDEK ,30861.1123,31751.0938,YES
J0009,JALAN KUBOR (NORTH BRIDGE RD/VICTORIA ST),30904.3338,31793.2028,YES
J0010,JALAN LANA ,37515.9181,33987.5429,YES
J0012,JALAN PISANG ,30822.9101,31719.6843,YES
J0015,JALAN BINCHANG ,29358.1715,37128.2565,YES
J0017,JOO CHIAT ROAD OFF STREET,35802.2986,32360.5974,YES
J0018,JIAK CHUAN ROAD ,28943.8334,29141.9905,YES
J0020,JOO KOON ROAD ,9684.9408,34196.6046,YES
J0021,JOO KOON WAY ,9802.0477,34239.3484,YES
J0022,JALAN PINANG ,30798.5756,31676.1098,YES
J0027,JOO KOON CIRCLE ,9522.2633,34170.124,YES
J0029,JALAN SULTAN ,31145.8496,31654.0635,YES
J0030,JALAN SEMERBAK ,31310.8082,34173.119,YES
J0033,JALAN TUKANG ,14531.1749,34259.8283,YES
J0034,JALAN LEGUNDI ,26863.4887,46992.5044,YES
J0035,JALAN TAMPANG ,26921.392,47081.0034,YES
J0036,JALAN DERUM ,26857.9161,47038.3689,YES
J0037,JOO YEE ROAD ,14904.047,34565.9526,YES
J0038,JALAN MERAH SAGA ,24074.0996,32727.4896,YES
J0039,JALAN RUMIA ,24044.0746,32616.6138,YES
J0040,JALAN KELABU ASAP ,24063.7079,32558.1341,YES
J0041,JALAN HITAM MANIS ,24178.58,32311.1125,YES
J0042,JALAN KUNING ,24148.9985,32434.1125,YES
J0043,JALAN PUTEH JERNEH ,24088.4125,32406.5974,YES
J0047,JALAN LEMBAH KALLANG ,31265.9466,33047.9131,YES
J0049,JELLICOE ROAD ,31167.4354,32205.7682,YES
J0050,JALAN MAS KUNING ,20259.5008,32267.347,YES
J0051,JALAN MAS PUTEH ,20108.8155,32297.0768,YES
J0054,JALAN BESAR / BEATTY ROAD OFF STREET,30879.7936,32867.7523,YES
J0055,JALAN SEH CHUAN OFF STREET,21507.9382,35973.7122,YES
J0056,JALAN SEH CHUAN/LORONG KILAT OFF STREET,21478.5272,35892.32,YES
J0057,JALAN DUSUN ,29177.501,34459.1851,YES
J0058,JALAN KEMAMAN ,29943.5371,34350.7918,YES
J0059,JALAN RAJA UDANG ,29008.0777,34339.7939,YES
J0060,JALAN RAMA RAMA ,29742.6401,34360.4624,YES
J0062,JALAN AMPAS ,29999.4452,34253.6075,YES
J0069,JOO AVENUE ,30418.7518,33075.6556,YES
J0070,JALAN ANGGEREK ,33441.9283,34701.3454,YES
J0075,JAGO CLOSE ,36312.6052,32143.9889,YES
J0080,JALAN MASJID ,36804.2874,33555.1648,YES
J0088,JOO SENG ROAD ,33589.6337,35570.5458,YES
J0092,JALAN KURAS OFF STREET ,27522.4487,39479.8693,YES
J0093,JOO KOON CRESCENT ,10195.5713,34602.9942,YES
J0094,JALAN KURAS ,27574.4273,39423.3059,YES
J0095,JALAN LEBAN SERVICE ROAD,27529.9765,39298.0875,YES
J0097,JALAN KUBOR (VICTORIA ST/ROCHOR CANAL RD),30834.1773,31911.2653,YES
J0098,JALAN MESIN ,33575.7494,35038.9753,YES
J0099,JALAN BAHAR HEAVY VEHICLE PARK,13459.4999,36687.9521,YES
J0100,JALAN PELEPAH OFF STREET,23792.7911,28505.857,YES
J0102,JOO CHIAT ROAD (CHANGI ROAD/EAST COAST ROAD),35600.7945,32535.4067,YES
J0104,JOO CHIAT PLACE ,35739.7643,32890.2959,YES
J0106,JOO CHIAT LANE ,35704.1348,32750.4456,YES
J0109,JALAN UBI ,35464.0555,33356.7564,YES
J0111,JALAN LAPANG ,36982.1452,33863.1246,YES
J0112,JALAN GELENGGANG ,27624.6368,39467.1833,YES
J0117,JALAN BESUT ,16045.2691,33249.0188,YES
J0122,JALAN KAYU OFF STREET ,32413.8058,42305.5178,YES
J0127,JALAN PENJARA ,25038.1635,31203.1627,YES
J0128,JALAN KLEDEK OFF STREET,30858.667,31771.5364,YES
J0130,JOO CHIAT TERRACE (JOO CHIAT RD/TEMBELING RD),35369.2277,32952.98,YES
J0132,JALAN PENJARA OFF STREET,25068.6516,31216.3832,YES
K0005,KANDAHAR STREET ,30938.4354,31628.5321,YES
K0006,KAKI BUKIT ROAD 1 ,35641.973,35188.8818,YES
K0008,KEONG SAIK ROAD ,28915.2111,29170.5476,YES
K0009,KERBAU ROAD ,30021.6384,32130.791,YES
K0010,KILLINEY ROAD ,28612.1897,31180.3576,YES
K0011,KINTA ROAD ,30192.8352,32533.656,YES
K0013,KITCHENER ROAD ,30861.3041,32282.575,YES
K0022,KAKI BUKIT AVENUE 4 ,36118.2212,35694.9844,YES
K0027,KAMPONG KAPOR ROAD ,30360.1392,32224.6281,YES
K0032,KENSINGTON PARK ROAD OFF STREET,31691.8699,38666.1896,YES
K0034,KUNG CHONG ROAD ,25601.2113,30240.5933,YES
K0037,KING GEORGE'S AVENUE OFF STREET,31142.4514,32510.4735,YES
K0039,KING GEORGE'S AVENUE/ HORNE ROAD OFF STREET,31186.6906,32479.9759,YES
K0049,KELANTAN ROAD ,30566.932,31992.7725,YES
K0051,KENSINGTON PARK ROAD SERVICE ROAD,31658.2122,38548.2622,YES
K0052,KALLANG SECTOR ,32404.3974,34186.5365,YES
K0054,KALLANG WAY ,32573.3016,34220.9489,YES
K0057,KALLANG AVENUE ,31732.5896,32520.1898,YES
K0061,KALLANG BAHRU ,31651.7483,33439.5281,YES
K0064,KOVAN ROAD ,33539.7059,38020.7153,YES
K0069,KELANTAN LANE ,30602.9086,32091.0637,YES
K0081,KIM CHUAN ROAD ,34152.7929,35904.1305,YES
K0082,KAMPONG BUGIS OFF STREET,31783.5107,32043.5092,YES
K0087,KIM KEAT CLOSE ,30219.1954,33997.7969,YES
K0091,KAKI BUKIT ROAD 2 ,35222.6231,35622.5703,YES
K0093,KAMPONG JAVA ROAD ,28968.6518,32842.2879,YES
K0094,KELLOCK ROAD ,27592.4699,30722.2311,YES
K0097,KAMPONG AMPAT ,33546.4671,35195.2453,YES
K0099,KAMPONG EUNOS ,36153.3509,33397.8418,YES
K0108,KEPPEL ROAD OFF STREET ,28698.1201,28398.6445,YES
K0110,KALLANG WAY 2A ,32917.6837,33975.0741,YES
K0111,KINTA ROAD OFF STREET ,30218.9526,32450.3014,YES
K0113,KIM YAM ROAD ,28746.2818,30584.1056,YES
K0114,KAMPONG BUGIS ,31644.5927,32215.7294,YES
K0115,KAKI BUKIT PLACE ,35769.9324,35140.0944,YES
K0120,KEMPAS ROAD ,30964.7888,33054.3887,YES
K0121,KAMPONG KAPOR ROAD OFF STREET,30307.4171,32100.4131,YES
L0002,LEMBU ROAD ,30370.6464,32463.2678,YES
L0003,LIANG SEAH STREET ,30564.0364,31160.6144,YES
L0004,LORONG 4 GEYLANG ,32749.2295,32521.7296,YES
L0005,LLOYD ROAD ,28713.9448,31057.708,YES
L0008,LORONG KILAT ,21322.9775,35909.6288,YES
L0009,LORONG TELOK ,29704.4929,29901.5012,YES
L0011,LINK ROAD ,14487.0621,34453.481,YES
L0013,LORONG 6 GEYLANG ,32814.3093,32543.2799,YES
L0014,LORONG 7 GEYLANG ,32735.7076,32750.1531,YES
L0015,LORONG 8 GEYLANG ,32879.607,32553.3059,YES
L0016,LORONG 9 GEYLANG ,32796.357,32790.1649,YES
L0018,LORONG 11 GEYLANG ,32858.1794,32812.7773,YES
L0019,LORONG 12 GEYLANG ,33018.0083,32576.574,YES
L0020,LORONG 13 GEYLANG ,32919.7374,32829.9928,YES
L0021,LORONG 14 GEYLANG ,33104.5638,32606.5258,YES
L0022,LORONG 15 GEYLANG ,32997.6355,32845.1321,YES
L0023,LORONG 16 GEYLANG ,33183.0797,32643.274,YES
L0024,LORONG 17 GEYLANG ,33053.0667,32862.94,YES
L0025,LORONG 18 GEYLANG ,33272.2844,32655.1971,YES
L0026,LORONG 19 GEYLANG ,33098.1018,32932.6382,YES
L0027,LORONG 20 GEYLANG ,33340.5093,32659.7565,YES
L0028,LORONG 21 GEYLANG ,33195.0918,32953.988,YES
L0029,LOK YANG WAY ,11998.7508,34093.6361,YES
L0030,LORONG BACHOK ,33150.253,32913.6443,YES
L0031,LORONG TAHAR ,32703.3323,32758.7607,YES
L0032,LORONG 23 GEYLANG ,33344.7664,32978.1124,YES
L0033,LORONG 24 GEYLANG ,33566.1635,32707.0137,YES
L0034,LORONG 24A GEYLANG ,33643.4622,32727.899,YES
L0035,LORONG 25 GEYLANG ,33468.4483,33002.1443,YES
L0036,LORONG 25A GEYLANG ,33538.8067,32950.7265,YES
L0037,LORONG 26 GEYLANG ,33736.5219,32746.929,YES
L0038,LORONG 27 GEYLANG ,33620.2988,33131.8429,YES
L0039,LORONG 27A GEYLANG ,33726.576,32982.1478,YES
L0040,LORONG 28 GEYLANG ,33815.2381,32757.2875,YES
L0041,LORONG 29 GEYLANG ,33843.8597,33008.1705,YES
L0042,LORONG 30 GEYLANG ,33898.3346,32778.0832,YES
L0043,LORONG 31 GEYLANG ,33962.2522,33028.4439,YES
L0044,LORONG 32 GEYLANG ,33968.7758,32789.8148,YES
L0045,LORONG 33 GEYLANG ,34061.4901,33039.3129,YES
L0046,LORONG 34 GEYLANG ,34071.0549,32808.1359,YES
L0047,LORONG 35 GEYLANG ,34142.1157,33070.2181,YES
L0048,LORONG 36 GEYLANG ,34138.4491,32813.6253,YES
L0049,LORONG 37 GEYLANG ,34268.0841,33100.8982,YES
L0050,LORONG 38 GEYLANG ,34190.3146,32877.0661,YES
L0051,LORONG 39 GEYLANG ,34390.9377,33094.9281,YES
L0052,LORONG 40 GEYLANG ,34279.2071,32914.1947,YES
L0053,LORONG 41 GEYLANG ,34456.1694,33125.4736,YES
L0056,LORONG 28 SERVICE ROAD GEYLANG,33868.9688,32639.4277,YES
L0057,LORONG 39 SERVICE ROAD GEYLANG,34353.3756,33133.4707,YES
L0058,LIM TUA TOW ROAD OFF STREET,32881.8908,37327.4993,YES
L0060,LORONG BAKAR BATU ,32474.1663,34367.3485,YES
L0061,LIM TUA TOW ROAD ,32794.3601,37397.5906,YES
L0064,LORONG 21 GEYLANG OFF STREET,33177.6203,32903.5269,YES
L0065,LORONG PENDEK ,32614.0932,34615.8065,YES
L0074,LORONG 21A GEYLANG ,33254.6661,33035.7093,YES
L0076,LORONG MELAYU ,36604.9907,33526.6785,YES
L0077,LENG KEE ROAD ,25656.8835,30349.2124,YES
L0078,LORONG MYDIN OFF STREET,36742.91,33491.4403,YES
L0079,LORONG MARZUKI ,36480.0187,33494.0567,YES
L0081,LORONG AMPAS ,30187.785,34265.1037,YES
L0082,LORONG SARINA ,36292.9658,33460.9333,YES
L0083,LORONG MARICAN ,36420.7759,33490.2769,YES
L0085,LOYANG WAY ,43707.7605,40515.9907,YES
L0087,LOYANG CRESCENT ,43387.0213,40582.6685,YES
L0088,LOYANG DRIVE ,42877.415,39218.7048,YES
L0089,LOYANG LANE ,42899.5023,39582.7804,YES
L0092,LITTLE ROAD ,33770.4816,35606.2111,YES
L0096,LORONG 101 CHANGI ,35393.2609,33097.3771,YES
L0097,LORONG 102 CHANGI ,35520.1683,33131.1008,YES
L0098,LORONG 104 CHANGI ,35646.742,33206.96,YES
L0099,LORONG 105 CHANGI ,35734.9299,33115.5986,YES
L0100,LORONG 106 CHANGI ,35788.6768,33209.9575,YES
L0101,LORONG 107 CHANGI ,35861.37,33197.9871,YES
L0102,LORONG 108 CHANGI ,35930.0467,33211.0998,YES
L0103,LANGSAT ROAD ,35506.7284,33031.3686,YES
L0104,LORONG BEKUKONG OFF STREET,45138.4696,41348.5891,YES
L0107,LORONG BACHOK OFF STREET,33133.035,32891.2922,YES
L0109,LOYANG WAY 1 ,43438.9937,39659.2347,YES
L0110,LOYANG STREET ,43091.2527,39603.7955,YES
L0113,LORONG 3 GEYLANG ,32573.1441,32664.8974,YES
L0115,LORONG 1 GEYLANG ROAD OFF STREET,32312.641,32543.1227,YES
L0116,LORONG 21 GEYLANG / GEYLANG ROAD OFF ST,33252.6146,32807.3321,YES
L0117,LORONG 25/25A GEYLANG OFF STREET,33510.0475,33077.0824,YES
L0118,LORONG 36 GEYLANG OFF STREET,34145.8285,32836.5502,YES
L0120,LORONG MYDIN ,36711.8085,33542.5971,YES
L0123,LORONG 9/11 GEYLANG OFF STREET,32801.8875,32837.3147,YES
L0124,LORONG 37 GEYLANG OFF STREET,34245.0343,33041.7438,YES
L0125,LORONG 31 GEYLANG OFF STREET,33990.0091,33036.8481,YES
M0001,MACKENZIE ROAD ,29567.5951,32069.7674,YES
M0003,MARNE ROAD  ,30643.5356,32789.564,YES
M0005,MAYO STREET ,30268.1856,31831.8776,YES
M0006,MCCALLUM STREET ,29568.1135,29119.7542,YES
M0009,MISTRI ROAD ,29408.8574,28483.137,YES
M0011,MOSQUE STREET ,29270.8883,29585.1284,YES
M0015,MOHAMED SULTAN ROAD ,28850.8558,30531.1768,YES
M0017,MIDDLE ROAD OFF STREET ,29925.7998,31557.543,YES
M0020,MAUDE ROAD ,30781.0982,32260.9164,YES
M0026,MANILA STREET ,30295.8721,31277.05,YES
M0038,MAJU AVENUE ,31596.3223,38563.2687,YES
M0039,MAJU AVENUE SERVICE ROAD,31585.3854,38593.6329,YES
M0040,MACKENZIE ROAD A OFF STREET,29807.0475,31944.2444,YES
M0043,MOUNT EMILY ROAD ,29792.604,31838.4762,YES
M0048,MARTABAN ROAD ,29974.494,33998.6134,YES
M0049,MINBU ROAD ,29854.7356,33967.9136,YES
M0055,MOONSTONE LANE ,31692.9374,34368.4154,YES
M0058,MACPHERSON ROAD ,33569.6436,34937.4696,YES
M0059,MACKENZIE ROAD B OFF STREET,29585.4645,32020.1872,YES
M0063,MAYNE ROAD ,29728.7582,32014.9078,YES
M0066,MACTAGGART ROAD ,33685.2719,35189.7763,YES
M0072,MANDALAY ROAD ,29887.4114,34078.1939,YES
M0074,MAKEWAY AVENUE ,28956.2088,32734.1073,YES
M0076,MINBU ROAD OFF STREET ,29734.9916,34159.4165,YES
M0077,MOHD SULTAN ROAD/RIVER VALLEY ROAD OFF STREET,28921.5077,30728.1959,YES
M0078,MARITIME SQUARE D OFF STREET,26559.0302,27674.9872,YES
M0080,MARSHALL ROAD ,35643.1941,31991.8806,YES
M0084,MARINA VIEW OFF STREET ,29797.8344,28569.8125,YES
M0085,MARTIN PLACE/ MUTHURAMAN CHETTY ROAD,28551.9326,30610.697,YES
M0088,MARGARET DRIVE OFF STREET,24627.6398,31419.3749,YES
N0003,NORTH BRIDGE ROAD (ARAB/JALAN SULTAN),30917.3253,31750.0548,YES
N0005,NEW INDUSTRIAL ROAD ,33821.8612,36142.707,YES
N0006,NEIL ROAD OFF STREET ,28956.4609,29088.2522,YES
N0010,NIVEN ROAD ,29811.4017,31761.8979,YES
N0011,NORRIS ROAD ,30270.9262,32257.4542,YES
N0012,NORTH BRIDGE ROAD MARKET OFF STREET,31365.1236,32045.5134,YES
N0013,NORTH BRIDGE ROAD OFF  STREET,30596.2021,31417.195,YES
N0014,NORTH CANAL ROAD ,29692.4555,29845.6277,YES
N0016,NEYTHAL ROAD ,13505.4439,34147.8155,YES
N0020,NEW MARKET ROAD ,29270.9727,29957.3796,YES
N0023,NETHERAVON ROAD ,44898.0996,41468.8832,YES
N0047,NEIL ROAD ,28979.4855,29085.4709,YES
O0004,OLD UPPER THOMSON ROAD ,27353.6547,39915.9542,YES
O0005,OLD UPPER THOMSON ROAD OFF STREET,27408.6074,39942.9511,YES
O0007,OWEN ROAD/ DORSET ROAD / CAMBRIDGE ROAD,29960.6035,33140.4175,YES
O0008,OLD AIRPORT ROAD ,33701.6917,32176.258,YES
O0010,OUTRAM ROAD ,28161.6974,29762.4345,YES
O0013,OUTRAM HILL ,28294.8605,29718.2464,YES
O0026,OPAL CRESCENT ,31742.9342,34468.5008,YES
O0027,ONAN ROAD ,35440.0014,32633.7261,YES
O0028,OUTRAM ROAD OFF STREET ,28235.0293,29645.7792,YES
O0029,ONAN ROAD OFF STREET ,35587.8617,32456.6604,YES
O0031,ONAN ROAD / JOO CHIAT ROAD OFF STREET,35264.0453,32947.0656,YES
P0002,PAHANG STREET ,31093.9711,31599.6576,YES
P0006,PECK SEAH STREET ,29290.3696,28914.2543,YES
P0009,PENANG LANE ,29225.2179,31096.8173,YES
P0011,PETAIN ROAD (SERANGOON ROAD / JALAN BESAR),30761.8743,32723.8823,YES
P0013,PRINCE EDWARD ROAD / SHENTON WAY OFF STREET,29655.252,28623.257,YES
P0015,PRINSEP STREET (MIDDLE/ROCHOR CANAL),29920.9456,31459.8437,YES
P0018,PURVIS STREET ,30435.4879,30983.1398,YES
P0023,PLUMER ROAD ,30802.1967,32444.5126,YES
P0024,PRINCE OF WALES ROAD ,25262.3705,33922.8187,YES
P0025,PRINCESS OF WALES ROAD ,25239.561,34018.1688,YES
P0028,PROME ROAD ,29808.2837,34182.7531,YES
P0031,PEPYS ROAD OFF STREET ,23593.0225,28765.3468,YES
P0033,PASIR RIS CLOSE OFF STREET,41707.7337,39880.7452,YES
P0035,PHENG GECK AVENUE ,32063.8761,34821.2975,YES
P0036,PUAY HEE AVENUE ,32121.024,34735.4571,YES
P0038,PERAK ROAD ,30286.938,31966.8384,YES
P0048,PEARL BANK OFF STREET ,28803.4452,29531.6622,YES
P0049,PENSHURST PLACE ,31487.5126,38427.6742,YES
P0051,PENHAS ROAD ,31273.3491,32406.2991,YES
P0054,PASIR PANJANG FOOD CENTRE OFF STREET,23324.7961,28741.2253,YES
P0055,PETAIN ROAD (JALAN BESAR / TYRWHITT ROAD),30914.0879,32590.1043,YES
P0072,PENNEFATHER ROAD ,35540.7999,32403.7992,YES
P0075,PENHAS ROAD / LAVENDER STREET OFF STREET,31277.0796,32478.0378,YES
P0076,PANDAN ROAD ,18940.7025,31287.7877,YES
P0077,PANDAN AVENUE ,18716.6894,31641.8871,YES
P0078,PANDAN CRESCENT ,19555.1454,31993.6252,YES
P0081,PIONEER SECTOR 1 ,8119.2882,31767.7818,YES
P0082,PIONEER SECTOR 2 ,9401.3059,30813.6759,YES
P0083,PIONEER SECTOR 3 ,8795.6782,32170.3472,YES
P0086,PANDAN LOOP ,18985.2908,32785.986,YES
P0093,PASIR PANJANG ROAD OFF  STREET,23808.9184,28797.034,YES
P0094,PASIR PANJANG ROAD / SOUTH BUONA VISTA ROAD,22689.5821,29040.0781,YES
P0095,PENJURU CLOSE ,16758.7864,32774.8943,YES
P0096,PENANG ROAD OFF STREET ,28980.1062,31351.7677,YES
P0099,PIONEER SECTOR WALK ,9588.9408,30954.606,YES
P0106,PASIR PANJANG ROAD/ CLEMENTI ROAD OFF ST,20744.5188,30443.9423,YES
P0109,PASIR RIS PARK CAR PARK E OFF STREET,40305.534,40727.4393,YES
P0111,PAHANG STREET OFF STREET,31065.7404,31567.5033,YES
P0113,PASIR PANJANG FOOD CENTRE (TEMP) OFF ST,23454.3672,28648.1075,YES
P0116,PRINCE PHILIP AVENUE ,26636.2493,30448.4256,YES
P0117,PECK SEAH STREET OFF STREET,29329.7917,28882.0302,YES
Q0001,QUEEN STREET ,30281.4041,31366.661,YES
Q0002,QUEEN STREET (ARAB STREET / ROCHOR ROAD),30584.2583,31721.2145,YES
Q0004,QUALITY ROAD ,14323.0363,35162.9383,YES
Q0006,QUEEN STREET OFF STREET,30230.7932,31364.3729,YES
Q0008,QUEENSWAY OFF STREET ( RIDEOUT TEA GARDEN),24532.9062,31890.3082,YES
R0001,RACE COURSE LANE ,30175.5352,32459.6447,YES
R0002,RACE COURSE ROAD ,30603.293,33005.2633,YES
R0003,RANGOON ROAD ,30207.3674,33200.2999,YES
R0010,RIVER VALLEY ROAD(BET TANK RD/ZION RD),28963.3247,30739.9329,YES
R0011,ROBERTS LANE ,30256.8344,32546.1288,YES
R0015,ROWELL ROAD ,30387.7294,32330.4716,YES
R0028,RUBY LANE ,31746.4935,34412.3346,YES
R0036,RACE COURSE ROAD (BET BT TIMAH / RANGOON RD),29994.8347,32351.885,YES
R0037,RANGOON LANE OFF STREET,30323.4786,33201.9562,YES
R0039,RANGOON LANE ,30295.4793,33199.8049,YES
S0001,SAM LEONG ROAD ,30613.3128,32415.5658,YES
S0002,SEAH STREET ,30385.0992,30931.081,YES
S0005,SERANGOON RD(KITCHENER RD/LAVENDER ST),30676.8624,32948.2711,YES
S0007,STARLIGHT ROAD / TERRACE,30278.1109,32883.471,YES
S0009,SHORT STREET ,29950.8196,31674.5784,YES
S0011,SOPHIA ROAD ,29690.5736,31571.623,YES
S0015,STANLEY STREET ,29647.154,29202.8153,YES
S0018,SULTAN GATE ,31047.365,31549.198,YES
S0019,SUNGEI ROAD(WELD ROAD/ KELANTAN ROAD),30590.5377,31901.7155,YES
S0020,SEMBAWANG HILLS FOOD CENTRE OFF STREET,27499.7177,39363.6594,YES
S0021,SYED ALWI ROAD (JALAN BESAR / SERANGOON RD),30508.7125,32406.8447,YES
S0022,SYED ALWI ROAD(JALAN BESAR/ROCHOR CANAL RD),30770.5006,32176.0133,YES
S0023,STURDEE ROAD ,30839.9707,32765.3293,YES
S0026,SERVICE ROAD OFF BUKIT  TIMAH ROAD/SIXTH AVE,23873.6008,34821.4019,YES
S0027,SIAK KEW AVENUE ,32119.3699,34664.5585,YES
S0032,SAUNDERS ROAD ,28603.6315,31858.887,YES
S0033,SERVICE ROAD OFF CHOA CHU KANG AVE 1,18210.03,39867.8698,YES
S0035,SERVICE ROAD OFF QUEEN ST(QUEEN/WATERLOO ST),30129.0056,31278.4534,YES
S0039,SIMS AVENUE SERVICE ROAD,32913.8389,32957.7845,YES
S0040,SECOND CHIN BEE ROAD ,14730.7175,35029.4422,YES
S0043,SIXTH AVENUE ,23721.899,34804.3791,YES
S0045,SING AVENUE ,30322.8525,33096.6125,YES
S0046,SING JOO WALK ,30412.2222,33022.3056,YES
S0047,SHAN ROAD ,29499.6156,34147.101,YES
S0048,SHAW ROAD ,33709.4691,35436.4993,YES
S0049,Serangoon Rd/Lavender  St Off Street,30812.1957,33019.1062,YES
S0050,SIANG KUANG AVENUE ,32299.8124,34647.0955,YES
S0055,SERANGOON GARDEN MARKET OFF STREET,31673.3236,38317.0261,YES
S0061,SEMBONG ROAD ,26801.5126,47014.3532,YES
S0063,SERANGOON GARDEN WAY ,31458.3389,38496.2986,YES
S0064,SERANGOON GARDEN WAY SERVICE ROAD,31576.4013,38415.4094,YES
S0065,SANDOWN PLACE ,31509.3889,38591.3163,YES
S0066,SOMME ROAD ,30795.5007,32626.5462,YES
S0070,SIMON ROAD SERVICE ROAD,33840.1059,38203.3689,YES
S0074,SIN MING DRIVE ,28459.1447,37888.968,YES
S0075,SCIENCE CENTRE ROAD ,17377.4573,34714.687,YES
S0076,SECOND LOK YANG ROAD ,12230.999,34280.3663,YES
S0078,SOON WING ROAD ,33141.706,34367.4637,YES
S0079,SERVICE ROAD OFF KING GEORGE'S AVENUE,31179.5186,32556.228,YES
S0082,SIXTH LOK YANG ROAD ,11392.428,34178.5863,YES
S0083,SUNGEI KADUT AVENUE ,18844.2627,43353.2886,YES
S0084,SUNGEI KADUT DRIVE ,17963.3613,44435.2542,YES
S0085,SUNGEI KADUT LOOP ,18017.5248,43728.9699,YES
S0086,SUNGEI KADUT STREET 1 ,18723.8992,45088.2659,YES
S0088,SUNGEI KADUT STREET 3 ,18409.8453,44276.6496,YES
S0091,SENOKO ROAD ,24564.5118,49548.1173,YES
S0092,SENOKO SOUTH ROAD ,24541.9575,48541.195,YES
S0094,SENOKO WAY ,25367.8895,49577.1136,YES
S0096,SENOKO DRIVE ,24006.4605,48956.2829,YES
S0097,SENOKO AVENUE ,25316.9959,50045.8102,YES
S0098,SIMS AVENUE (BET LOR 3 GEYLANG/PAYA LEBAR RD),33874.2885,33110.6779,YES
S0102,SPOTTISWOODE PARK ROAD ,28413.7587,28813.6299,YES
S0103,STEVENS ROAD ,27253.6575,33161.3395,YES
S0105,SUNGEI KADUT WAY ,18714.3604,43192.5853,YES
S0106,SIN MING DRIVE OFF STREET,28305.4423,37641.7002,YES
S0108,SHREWSBURY ROAD OFF STREET,29931.932,33429.8862,YES
S0109,SIN MING ROAD HEAVY VEHICLE PARK,28508.9853,37691.1909,YES
S0110,SERVICE ROAD OFF ONAN ROAD,35242.0637,32969.3977,YES
S0112,SEAH IM ROAD OFF STREET,26250.1942,27838.8938,YES
S0115,SERVICE ROAD BET HAMILTON RD/CAVAN RD,31150.9055,32662.8778,YES
S0118,SERVICE ROAD OFF PENHAS ROAD,31252.6756,32433.8423,YES
S0119,SHREWSBURY ROAD ,29702.3419,33397.3439,YES
S0120,SERVICE ROAD BETWEEN PETAIN RD/ALLENBY RD,30891.6996,32578.423,YES
S0127,SERVICE ROAD OFF JOO CHIAT ROAD,35930.3853,32101.1723,YES
S0128,SERVICE ROAD OFF CHAI CHEE DRIVE,37551.9054,33995.4236,YES
S0130,SERVICE ROAD OFF GENTING LANE,32940.9671,33961.1354,YES
S0132,SERVICE ROAD OFF ALIWAL STREET,31057.1108,31739.1852,YES
S0134,SOMMERVILLE WALK ,32084.8891,36234.9315,YES
S0135,SIMS AVENUE (PAYA LEBAR RD/EUNOS RD),35291.5891,33361.7241,YES
S0136,SERVICE ROAD OFF ZION ROAD,27714.1013,30686.601,YES
S0139,SERVICE ROAD OFF UPPER BUKIT TIMAH ROAD,21576.0985,36178.169,YES
S0141,SERVICE ROAD OFF UPPER EAST COAST ROAD,38375.3713,32814.9821,YES
S0143,SERVICE ROAD OFF LORONG 44 GEYLANG,34388.4906,32968.7411,YES
S0146,SERVICE ROAD OFF QUALITY ROAD,14403.005,35135.3537,YES
S0148,SUNGEI KADUT CRESCENT ,18172.1118,43503.1145,YES
S0149,SERVICE ROAD OFF SIN MING ROAD,28254.9106,37160.9758,YES
S0150,SULTAN GATE / ALIWAL STREET OFF STREET,31034.8609,31644.3426,YES
S0152,SUNSHINE TERRACE ,32352.4721,36442.6231,YES
S0156,SIMS PLACE ,33128.0064,33142.5653,YES
S0157,SERVICE ROAD OFF JALAN MASJID,36752.8274,33555.5493,YES
S0158,SERVICE ROAD OFF MACPHERSON ROAD,32531.6468,34664.6446,YES
S0159,SERVICE ROAD OFF BALESTIER ROAD,29069.841,34363.059,YES
S0160,SIN MING WALK ,27759.8629,38589.9032,YES
S0162,SERVICE ROAD OFF TEBING LANE,37272.9004,41681.2517,YES
S0164,SELETAR AEROSPACE VIEW ,32055.3389,43695.2615,YES
S0166,SEMBAWANG RD/ADMIRALTY  RD EAST OFF STREET,27980.508,48368.2132,YES
S0167,SERVICE ROAD OFF JALAN SELASEH,32422.1064,40843.772,YES
S0168,SERVICE ROAD OFF JALAN KELULUT,32732.4236,40575.9079,YES
S0170,SERVICE ROAD OFF SEMBAWANG ROAD,27908.6331,48349.2472,YES
S0171,SPOONER ROAD OFF STREET,28193.7117,28684.72,YES
S0172,SPRINGLEAF ROAD  ,26491.4887,42095.9789,YES
T0002,TANJONG PAGAR ROAD ,29168.2595,28982.0371,YES
T0003,TANK ROAD ,29140.6553,30785.0402,YES
T0005,TAN QUEE LAN STREET ,30602.2448,31210.1102,YES
T0006,TECK LIM ROAD ,28951.6367,29196.3044,YES
T0008,TELOK AYER STREET ,29526.5118,29101.4946,YES
T0009,TEMPLE STREET ,29206.4731,29478.8665,YES
T0010,TEO HONG ROAD ,28818.8098,29160.0396,YES
T0014,TRAS STREET ,29218.4704,28889.4961,YES
T0017,TIONG BAHRU PARK OFF STREET,27034.247,29927.8861,YES
T0019,TANJONG PENJURU CRESCENT,17698.9722,31566.555,YES
T0021,TYRWHITT ROAD ,31041.5762,32704.513,YES
T0022,TOWNSHEND ROAD ,30785.2467,32222.8255,YES
T0025,TAI THONG CRESCENT ,32056.9669,34549.663,YES
T0031,TALMA ROAD ,32987.8135,32597.1953,YES
T0033,TECK CHYE TERRACE ,32846.5834,37264.2528,YES
T0036,TAMPINES PLACE  ,38690.7802,38832.3163,YES
T0039,TANNERY LANE ,32862.2808,34466.1603,YES
T0040,THIRD CHIN BEE ROAD ,14909.2513,35114.1687,YES
T0043,TAMAN MAS MERAH ,20267.6062,32333.1773,YES
T0057,TESSENSOHN ROAD ,30509.3974,33032.2415,YES
T0060,TOH GUAN ROAD ,18597.8028,35108.1563,YES
T0061,THIRD LOK YANG ROAD ,12028.0579,34276.9168,YES
T0062,TAI SENG DRIVE ,34668.2972,35554.6774,YES
T0065,TAGORE ROAD ,27555.4011,40668.4268,YES
T0066,TAGORE INDUSTRIAL AVENUE,27332.3618,40771.9491,YES
T0067,TAGORE LANE ,27309.2438,40566.9959,YES
T0068,TAGORE DRIVE  ,27258.6036,41035.2032,YES
T0070,TANGLIN HALT CLOSE ,23697.4551,31894.817,YES
T0074,TAMPINES INDUSTRIAL AVENUE 3,38593.5923,37881.6968,YES
T0076,TUAS AVENUE 1 ,8611.1481,33671.8578,YES
T0077,TUAS AVENUE 3 ,8136.1646,33919.6834,YES
T0079,TUAS AVENUE 5 ,8007.1383,33626.6025,YES
T0080,TUAS AVENUE 7 ,6968.8329,35023.6728,YES
T0081,TUAS AVENUE 9 ,6763.0088,34724.8127,YES
T0082,TUAS AVENUE 11 ,7160.7224,33704.3505,YES
T0083,TUAS AVENUE 12 ,6917.1907,35017.4723,YES
T0084,TUAS AVENUE 13 ,6553.8053,33834.5832,YES
T0088,TUAS AVENUE 18A ,6172.8686,33880.2832,YES
T0090,TUAS DRIVE 1 ,8448.6399,33814.8566,YES
T0091,TUAS DRIVE 2 ,8283.6248,33999.495,YES
T0094,TUAS LANE ,6741.5331,34592.3982,YES
T0096,TUAS WEST AVENUE ,6457.8824,35141.935,YES
T0102,TUAS ROAD ,7685.6108,32380.8515,YES
T0103,TEMBELING ROAD OFF STREET,35511.469,32795.0198,YES
T0104,TAI SENG AVENUE ,34322.1601,35570.7343,YES
T0107,TAMPINES ROAD/HOUGANG AVE 7 HEAVY VEH PARK,35100.9057,38313.4164,YES
T0111,TUAS LINK 2 ,6362.1822,35377.0561,YES
T0113,TUAS LINK 4 ,6560.7566,35408.2972,YES
T0114,TEMBELING ROAD ,35769.9975,32486.4948,YES
T0115,TELOK KURAU ROAD ,36758.4182,32428.0715,YES
T0116,TEBAN GARDENS CRESCENT ,17644.4575,34062.8482,YES
T0117,TUAS SOUTH AVENUE 1 ,5190.3244,33343.5367,YES
T0123,TUAS SOUTH STREET 2 ,5517.1968,32213.8333,YES
T0129,TANJONG KATONG COMPLEX ,34890.0649,33240.6285,YES
T0130,TOA PAYOH WEST ,28961.004,35274.0172,YES
T0140,TANJONG KATONG ROAD OFF STREET,34984.888,32129.2842,YES
T0141,TANJONG KATONG RD OFF ST (OPP WILKINSON RD),35074.4107,31807.0192,YES
T0142,TUAS BASIN CLOSE ,7929.2898,32825.6117,YES
T0144,TEO HONG ROAD / NEW BRIDGE ROAD OFF STREET,28841.2322,29230.9206,YES
T0145,TEBING LANE ,37165.0022,41613.1586,YES
T0146,TAI SENG STREET ,34265.7378,35335.1121,YES
U0002,UPPER CIRCULAR ROAD ,29651.1825,30133.7788,YES
U0003,UBI AVENUE 3 ,34697.5342,34867.1336,YES
U0007,UPPER DICKSON ROAD ,30134.6704,32077.5013,YES
U0008,UPPER WELD ROAD ,30319.2543,32043.7707,YES
U0012,UPPER PAYA LEBAR ROAD SERVICE ROAD,33234.5727,36544.4297,YES
U0013,UBI ROAD 1 ,34559.5899,34621.3976,YES
U0014,UBI ROAD 2 ,34868.5415,35068.3452,YES
U0016,UBI ROAD 3 ,35172.9266,34938.9297,YES
U0017,UPPER HOKIEN STREET ,29419.258,29767.1521,YES
U0021,UBI AVENUE 4 ,34963.2915,35225.1769,YES
U0023,UNITY STREET ,28962.0939,30501.1533,YES
U0029,UPPER THOMSON ROAD ,28352.2731,36997.7908,YES
U0030,UBI AVENUE 1 ,34656.4873,34136.0177,YES
U0031,UPPER SERANGOON ROAD ,34106.2585,38330.4495,YES
U0035,UPPER SERANGOON ROAD (BARTLEY RD JUNCTION),32208.9442,36355.4206,YES
U0036,UPPER EAST COAST ROAD OFF STREET,38320.451,32726.3989,YES
U0037,UBI ROAD 4 ,35415.1625,34964.4407,YES
U0038,UPPER THOMSON ROAD (LAKEVIEW ESTATE),28218.0084,36910.231,YES
U0039,UBI CRESCENT ,34969.3311,34398.2212,YES
U0040,UPPER ALJUNIED LINK OFF-ST,33467.0364,35182.9766,YES
U0042,UPPER CHANGI ROAD / BEDOK ROAD OFF STREET,40592.3344,34925.3316,YES
U0043,UPPER THOMSON ROAD OFF STREET,28294.5339,36908.3157,YES
U0044,UBI VIEW ,35061.7204,34920.1936,YES
U0045,UBI LINK ,34672.5829,34972.5273,YES
V0001,VEERASAMY ROAD ,30356.2677,32184.0585,YES
V0005,VERDUN ROAD ,30516.1586,32450.5422,YES
V0007,VERDUN ROAD OFF STREET ,30538.5355,32514.5247,YES
W0001,WALLICH STREET ,29235.8048,28818.4319,YES
W0002,WATERLOO STREET ,30038.6283,31250.256,YES
W0004,WILKIE ROAD ,29547.9559,31725.3987,YES
W0005,WILKINSON ROAD ,33887.3647,31629.7603,YES
W0010,WESTERHOUT ROAD ,33313.0253,32601.2582,YES
W0013,WOODLANDS ROAD LORRY PARK,19759.053,40459.2567,YES
W0021,WISHART ROAD ,25813.0952,28091.0659,YES
W0029,WEST COAST PARK 1 OFF STREET,21111.8896,30225.541,YES
W0034,WOODLANDS SECTOR 1 ,24839.8209,48354.9157,YES
W0035,WOODLANDS WALK ,24718.9033,48196.528,YES
W0036,WOODLANDS LINK ,25184.9733,47984.161,YES
W0037,WOODLANDS LOOP ,25169.187,47682.9859,YES
W0038,WOODLANDS TERRACE ,25152.7774,48168.7527,YES
W0045,WARNA ROAD ,23922.5203,32688.2026,YES
W0046,WOODLANDS INDUSTRIAL PARK E 1,23954.6771,48432.7517,YES
W0047,WOODLANDS INDUSTRIAL PARK E 3,23925.661,48350.2694,YES
W0048,WOODLANDS INDUSTRIAL PARK E 8,24297.7501,48294.9777,YES
W0049,WOODLANDS INDUSTRIAL PARK E 9,24141.9253,47949.9834,YES
W0051,WOODLANDS INDUSTRIAL PARK E 6,24221.4553,47896.7221,YES
W0055,WARNA ROAD OFF STREET ,23868.7083,32598.1363,YES
W0058,WOODLANDS INDUSTRIAL PARK E 5,23549.3766,48040.3522,YES
Y0002,YAN KIT ROAD ,28948.9021,28726.8123,YES
Y0013,YISHUN INDUSTRIAL PARK A,28069.8155,47244.2447,YES
Y0019,YAN KIT ROAD / CANTONMENT ROAD OFF ST,28902.6905,28558.6655,YES
Z0001,ZION ROAD OFF STREET ,27715.2708,30530.9373,YES
Z0003,ZION ROAD ,27683.4705,30541.2205,YES
Z0004,ZION CLOSE ,27675.3479,30605.9159,YES
